{
  "salary_regression": {
    "rmse": 3264.2338940251684,
    "r2": 0.2255061306133358
  },
  "classification": {
    "0": {
      "precision": 0.8304093567251462,
      "recall": 0.9102564102564102,
      "f1-score": 0.8685015290519877,
      "support": 156.0
    },
    "1": {
      "precision": 0.8592233009708737,
      "recall": 0.9267015706806283,
      "f1-score": 0.8916876574307305,
      "support": 191.0
    },
    "2": {
      "precision": 0.9493670886075949,
      "recall": 0.7978723404255319,
      "f1-score": 0.8670520231213873,
      "support": 94.0
    },
    "3": {
      "precision": 0.9411764705882353,
      "recall": 0.6666666666666666,
      "f1-score": 0.7804878048780488,
      "support": 24.0
    },
    "4": {
      "precision": 1.0,
      "recall": 0.6111111111111112,
      "f1-score": 0.7586206896551724,
      "support": 18.0
    },
    "5": {
      "precision": 0.8840579710144928,
      "recall": 0.8472222222222222,
      "f1-score": 0.8652482269503546,
      "support": 72.0
    },
    "6": {
      "precision": 0.9351851851851852,
      "recall": 0.9439252336448598,
      "f1-score": 0.9395348837209302,
      "support": 107.0
    },
    "7": {
      "precision": 1.0,
      "recall": 0.8809523809523809,
      "f1-score": 0.9367088607594937,
      "support": 42.0
    },
    "8": {
      "precision": 0.8723404255319149,
      "recall": 0.7592592592592593,
      "f1-score": 0.8118811881188119,
      "support": 54.0
    },
    "9": {
      "precision": 1.0,
      "recall": 0.5,
      "f1-score": 0.6666666666666666,
      "support": 10.0
    },
    "10": {
      "precision": 0.978021978021978,
      "recall": 0.9368421052631579,
      "f1-score": 0.956989247311828,
      "support": 95.0
    },
    "11": {
      "precision": 0.968421052631579,
      "recall": 0.9292929292929293,
      "f1-score": 0.9484536082474226,
      "support": 99.0
    },
    "12": {
      "precision": 0.9210526315789473,
      "recall": 0.7291666666666666,
      "f1-score": 0.813953488372093,
      "support": 48.0
    },
    "13": {
      "precision": 0.8287841191066998,
      "recall": 0.962536023054755,
      "f1-score": 0.8906666666666667,
      "support": 347.0
    },
    "14": {
      "precision": 0.9615384615384616,
      "recall": 0.8333333333333334,
      "f1-score": 0.8928571428571429,
      "support": 30.0
    },
    "15": {
      "precision": 1.0,
      "recall": 0.2222222222222222,
      "f1-score": 0.36363636363636365,
      "support": 18.0
    },
    "16": {
      "precision": 0.8928571428571429,
      "recall": 0.8802816901408451,
      "f1-score": 0.8865248226950354,
      "support": 142.0
    },
    "accuracy": 0.885585003232062,
    "macro avg": {
      "precision": 0.9307314814328382,
      "recall": 0.7845671861878224,
      "f1-score": 0.8317335805964785,
      "support": 1547.0
    },
    "weighted avg": {
      "precision": 0.8923877694664961,
      "recall": 0.885585003232062,
      "f1-score": 0.8820466444869934,
      "support": 1547.0
    }
  }
}